faithfulness,answer_relevancy
0.9318903318903319,0.8963887942903044
