faithfulness,answer_relevancy
0.9066968325791855,0.8641665273168249
